价格,网址,商品名称,裸机重量,厚度,屏幕尺寸,待机时长,屏幕色域,系统,处理器,内存,固态硬盘,显卡
,,,,,,,,,,,,
8999,//item.jd.com/100010793473.html,联想拯救者R9000P,none,20.0mm以上,16.0-16.9英寸,none,100%sRGB,Windows 10 带Office,AMD R7,16GB,512GB,RTX3060
,,,,,,,,,,,,
8999,//item.jd.com/100020923600.html,惠普16-b0007TX,none,20.0mm以上,16.0-16.9英寸,none,100%sRGB,Windows 10 带Office,Intel i7,16GB,512GB,RTX3060
,,,,,,,,,,,,
9999,//item.jd.com/100019736906.html,联想拯救者R9000P,none,20.0mm以上,16.0-16.9英寸,none,100%sRGB,Windows 10 带Office,AMD R7,16GB,512GB,RTX3070
,,,,,,,,,,,,
6799,//item.jd.com/100022003044.html,联想拯救者Y7000,none,20.0mm以上,15.0-15.9英寸,none,100%sRGB,Windows 10 带Office,Intel i5,16GB,512GB,RTX3050
,,,,,,,,,,,,
4899,//item.jd.com/100021781178.html,none,none,none,none,none,none,none,none,none,none,none
,,,,,,,,,,,,
6399,//item.jd.com/100023344932.html,戴尔G15 5511,none,20.0mm以上,15.0-15.9英寸,none,none,Windows 10 带Office,Intel i5,16GB,512GB,RTX3050
,,,,,,,,,,,,
4399,//item.jd.com/100016777664.html,戴尔Ins 15-3501,none,18.1-20.0mm,15.0-15.9英寸,none,none,Windows 10 带Office,Intel i5,16GB,512GB,none
,,,,,,,,,,,,
4699,//item.jd.com/100018584132.html,联想小新Air,none,15.1-18.0mm,14.0-14.9英寸,none,none,Windows 10 带Office,AMD R5,16GB,512GB,none
,,,,,,,,,,,,
6299,//item.jd.com/100014239655.html,小米小米游戏本 ,none,20.0mm以上,16.0-16.9英寸,none,none,Windows 10 带Office,Intel i5,16GB,512GB,RTX3050
,,,,,,,,,,,,
8699,//item.jd.com/100011398429.html,华硕天选,2-2.5kg,20.0mm以上,15.0-15.9英寸,none,none,Windows 10 不带Office,Intel i7,16GB,512GB,RTX3060
,,,,,,,,,,,,
9299,//item.jd.com/100012622295.html,戴尔G15 5511,none,20.0mm以上,15.0-15.9英寸,none,none,Windows 10 带Office,Intel i7,16GB,512GB,RTX3060
,,,,,,,,,,,,
9999,//item.jd.com/100018276690.html,ROG魔霸新锐,2-2.5kg,20.0mm以上,15.0-15.9英寸,小于5小时,none,Windows 10 不带Office,AMD R9,16GB,512GB,RTX3060
,,,,,,,,,,,,
6199,//item.jd.com/100021782482.html,ThinkPadThinkBook 14p,1-1.5kg,15.1-18.0mm,14.0-14.9英寸,none,100%sRGB,Windows 10 带Office,AMD R7,16GB,512GB,none
,,,,,,,,,,,,
11999,//item.jd.com/100016724434.html,AppleMacBook Pro 13.3,1-1.5kg,15.1-18.0mm,13.0-13.9英寸,none,DCI-P3,MacOS,Apple M1,16GB,512GB,none
,,,,,,,,,,,,
4399,//item.jd.com/100011269283.html,none,none,none,none,none,none,none,none,none,none,none
,,,,,,,,,,,,
6699,//item.jd.com/100020923614.html,惠普16-b0002TX,none,20.0mm以上,16.0-16.9英寸,none,100%sRGB,Windows 10 带Office,Intel i5,16GB,512GB,RTX3050Ti
,,,,,,,,,,,,
3999,//item.jd.com/100021400874.html,荣耀BohrBR-WAH9F,1.5-2kg,15.1-18.0mm,15.0-15.9英寸,none,none,Windows 10 带Office,Intel i5,8GB,512GB,none
,,,,,,,,,,,,
5099,//item.jd.com/100021802484.html,none,none,none,none,none,none,none,none,none,none,none
,,,,,,,,,,,,
8999,//item.jd.com/100021647694.html,机械革命钛钽,2-2.5kg,20.0mm以上,17.3英寸,小于5小时,100%sRGB,Windows 10 不带Office,Intel i7,16GB,512GB,RTX3060
,,,,,,,,,,,,
5799,//item.jd.com/100015691164.html,惠普ZHAN 66 Pro 14 G4,1-1.5kg,18.1-20.0mm,14.0-14.9英寸,none,100%sRGB,Windows 10 带Office,Intel i5,16GB,512GB,none
,,,,,,,,,,,,
7999,//item.jd.com/100026497910.html,小米RedmiG  游戏本,大于2.5kg,20.0mm以上,16.0-16.9英寸,none,none,Windows 10 带Office,AMD R7,16GB,512GB,RTX3060
,,,,,,,,,,,,
8799,//item.jd.com/100025037486.html,华硕天选,2-2.5kg,20.0mm以上,15.0-15.9英寸,none,100%sRGB,Windows 10 不带Office,AMD R9,16GB,512GB,RTX3060
,,,,,,,,,,,,
6988,//item.jd.com/100026243824.html,华为MateBook 14s,1-1.5kg,15.1-18.0mm,14.0-14.9英寸,none,100%sRGB,Windows 10,Intel i5,16GB,512GB,none
,,,,,,,,,,,,
9066,//item.jd.com/10028195898629.html,联想（Lenovo）拯救者R9000P,2-2.5kg,20.0mm以上,16.0-16.9英寸,none,none,Windows 10 带Office,AMD R7,16GB,512GB,RTX3060
,,,,,,,,,,,,
7999,//item.jd.com/100010286615.html,宏暗影骑士,2-2.5kg,20.0mm以上,15.0-15.9英寸,5-7小时,72%NTSC,其他,AMD R7,16GB,512GB,RTX3060
,,,,,,,,,,,,
7499,//item.jd.com/100021771660.html,联想小新Pro,1.5-2kg,15.1-18.0mm,16.0-16.9英寸,none,100%sRGB,Windows 10 带Office,AMD R7,16GB,512GB,none
,,,,,,,,,,,,
10999,//item.jd.com/100021167332.html,ROG幻16,1.5-2kg,18.1-20.0mm,16.0-16.9英寸,none,none,Windows 10 不带Office,Intel i7,16GB,512GB,RTX3060
,,,,,,,,,,,,
5299,//item.jd.com/100016514918.html,ThinkPadE14,1.5-2kg,15.1-18.0mm,14.0-14.9英寸,none,none,Windows 10 带Office,Intel i5,16GB,512GB,none
,,,,,,,,,,,,
6299,//item.jd.com/100020878588.html,联想小新Pro,none,15.1-18.0mm,16.0-16.9英寸,none,100%sRGB,Windows 10 带Office,Intel i5,16GB,512GB,MX450
,,,,,,,,,,,,
4499,//item.jd.com/100016777690.html,戴尔Vostro 14-3400,none,18.1-20.0mm,14.0-14.9英寸,none,none,Windows 10 带Office,Intel i5,16GB,512GB,none
,,,,,,,,,,,,
7988,//item.jd.com/100026243798.html,华为MateBook 14s,1-1.5kg,15.1-18.0mm,14.0-14.9英寸,none,100%sRGB,Windows 10,Intel i7,16GB,512GB,集成显卡
,,,,,,,,,,,,
8999,//item.jd.com/100025037502.html,华硕天选,2-2.5kg,20.0mm以上,15.0-15.9英寸,none,none,Windows 10 不带Office,AMD R9,16GB,512GB,RTX3060
,,,,,,,,,,,,
6399,//item.jd.com/100020923576.html,惠普16-b0001TX,none,20.0mm以上,16.0-16.9英寸,none,100%sRGB,Windows 10 带Office,Intel i5,16GB,512GB,RTX3050
,,,,,,,,,,,,
4698,//item.jd.com/100021876378.html,none,none,none,none,none,none,none,none,none,none,none
,,,,,,,,,,,,
3499,//item.jd.com/100021400870.html,荣耀NobelBR-WAI9B,1-1.5kg,15.1-18.0mm,14.0-14.9英寸,none,none,Windows 10 带Office,Intel i3,8GB,256GB,none
,,,,,,,,,,,,
7699,//item.jd.com/100009464799.html,AppleMacBook Air,1-1.5kg,15.1-18.0mm,13.0-13.9英寸,none,DCI-P3,MacOS,Apple M1,8GB,256GB,none
,,,,,,,,,,,,
7469,//item.jd.com/100011190721.html,惠普16-b0004TX,none,20.0mm以上,16.0-16.9英寸,none,100%sRGB,Windows 10 带Office,Intel i7,16GB,512GB,RTX3050Ti
,,,,,,,,,,,,
6999,//item.jd.com/100012141133.html,none,none,none,none,none,none,none,none,none,none,none
,,,,,,,,,,,,
4399,//item.jd.com/100014662878.html,惠普星 15 青春版,none,15.1-18.0mm,15.0-15.9英寸,none,none,Windows 10 带Office,AMD R7,16GB,512GB,none
,,,,,,,,,,,,
7699,//item.jd.com/100016616050.html,AppleMacBook Air,1-1.5kg,15.1-18.0mm,13.0-13.9英寸,none,DCI-P3,MacOS,Apple M1,8GB,256GB,none
,,,,,,,,,,,,
4399,//item.jd.com/100023681778.html,荣耀NMH-WFQ9HN,1-1.5kg,15.1-18.0mm,14.0-14.9英寸,none,100%sRGB,Windows 10 带Office,AMD R5,16GB,512GB,none
,,,,,,,,,,,,
5699,//item.jd.com/100012808551.html,华为MateBook 13,1-1.5kg,15.0mm及以下,13.0-13.9英寸,none,100%sRGB,Windows 10 带Office,AMD R7,16GB,512GB,none
,,,,,,,,,,,,
4799,//item.jd.com/100025374022.html,小米RedmiBook Pro 14,none,15.1-18.0mm,14.0-14.9英寸,none,none,Windows 10 带Office,Intel i5,16GB,512GB,none
,,,,,,,,,,,,
4999,//item.jd.com/100013483267.html,小米RedmiBook Pro 15,none,15.1-18.0mm,15.0-15.9英寸,none,none,Windows 10 带Office,Intel i5,16GB,512GB,none
,,,,,,,,,,,,
15899,//item.jd.com/100010793475.html,联想拯救者R9000K,none,20.0mm以上,16.0-16.9英寸,none,100%sRGB,Windows 10 带Office,AMD R9,32GB,none,RTX3080
,,,,,,,,,,,,
6199,//item.jd.com/100011431721.html,机械革命Z3 Air,1.5-2kg,20.0mm以上,15.0-15.9英寸,小于5小时,100%sRGB,Windows 10 不带Office,Intel i7,16GB,512GB,RTX3050
,,,,,,,,,,,,
11999,//item.jd.com/100016724490.html,AppleMacBook Pro 13.3,1-1.5kg,15.1-18.0mm,13.0-13.9英寸,none,DCI-P3,MacOS,Apple M1,16GB,512GB,none
,,,,,,,,,,,,
5299,//item.jd.com/100021150248.html,华硕无畏Pro14 标压锐龙版,none,15.1-18.0mm,14.0-14.9英寸,none,DCI-P3,Windows 10 不带Office,AMD R7,16GB,512GB,none
,,,,,,,,,,,,
5499,//item.jd.com/100020877742.html,联想小新Air14Plus,none,15.1-18.0mm,14.0-14.9英寸,none,100%sRGB,Windows 10 带Office,AMD R5,16GB,512GB,MX450
,,,,,,,,,,,,
6999,//item.jd.com/100021349706.html,宏暗影骑士・龙,none,20.0mm以上,15.0-15.9英寸,none,72%NTSC,其他,AMD R7,16GB,512GB,RTX3050
,,,,,,,,,,,,
6999,//item.jd.com/100011175665.html,联想小新Pro,none,15.1-18.0mm,16.0-16.9英寸,none,100%sRGB,Windows 10 带Office,AMD R7,16GB,512GB,GTX1650
,,,,,,,,,,,,
4988,//item.jd.com/100013759311.html,华为MateBook D,1-1.5kg,15.1-18.0mm,14.0-14.9英寸,none,100%sRGB,Windows 10 带Office,Intel i5,8GB,512GB,none
,,,,,,,,,,,,
7999,//item.jd.com/100011190725.html,惠普16-b0005TX,none,20.0mm以上,16.0-16.9英寸,none,100%sRGB,Windows 10 带Office,Intel i5,16GB,512GB,RTX3060
,,,,,,,,,,,,
6969,//item.jd.com/100025932106.html,none,none,none,none,none,none,none,none,none,none,none
,,,,,,,,,,,,
8799,//item.jd.com/100012301235.html,none,none,none,none,none,none,none,none,none,none,none
,,,,,,,,,,,,
4189,//item.jd.com/10031299389342.html,华硕（ASUS）V4200EA,1-1.5kg,15.1-18.0mm,14.0-14.9英寸,none,none,Windows 10 不带Office,Intel i5,16GB,512GB,none
,,,,,,,,,,,,
9999,//item.jd.com/100026000270.html,ROG魔霸新锐,2-2.5kg,20.0mm以上,15.0-15.9英寸,小于5小时,none,Windows 10 不带Office,AMD R9,16GB,512GB,RTX3060
,,,,,,,,,,,,
6799,//item.jd.com/100012684487.html,荣耀猎人HONOR HUNTER V700,2-2.5kg,18.1-20.0mm,16.0-16.9英寸,小于5小时,100%sRGB,Windows 10 带Office,Intel i5,16GB,512GB,RTX2060
,,,,,,,,,,,,
6499,//item.jd.com/100014373843.html,荣耀HYM-W76,1.5-2kg,18.1-20.0mm,16.0-16.9英寸,none,100%sRGB,Windows 10 带Office,AMD R7,16GB,512GB,GTX1650
,,,,,,,,,,,,
5499,//item.jd.com/100019543670.html,联想小新Pro,1-1.5kg,15.0mm及以下,14.0-14.9英寸,none,none,Windows 10 带Office,Intel i5,16GB,512GB,none
,,,,,,,,,,,,
5899,//item.jd.com/100022003020.html,神舟Z7-TA5NS,2-2.5kg,20.0mm以上,15.0-15.9英寸,none,none,Windows 10 不带Office,Intel i5,16GB,512GB,RTX3050
,,,,,,,,,,,,
5388,//item.jd.com/100017048040.html,华为MateBook D,1-1.5kg,15.1-18.0mm,14.0-14.9英寸,none,100%sRGB,Windows 10 带Office,Intel i5,16GB,512GB,none
,,,,,,,,,,,,
6199,//item.jd.com/100021802488.html,ThinkPadThinkBook 15,1.5-2kg,15.1-18.0mm,15.0-15.9英寸,none,100%sRGB,Windows 10 带Office,Intel i5,16GB,512GB,MX450
,,,,,,,,,,,,
9999,//item.jd.com/100021965280.html,联想拯救者Y9000P,none,20.0mm以上,16.0-16.9英寸,none,100%sRGB,Windows 10 带Office,Intel i7,16GB,512GB,RTX3060
,,,,,,,,,,,,
6699,//item.jd.com/100021976300.html,联想Yoga,1-1.5kg,15.0mm及以下,14.0-14.9英寸,none,100%sRGB,Windows 10 带Office,Intel i5,16GB,512GB,MX450
,,,,,,,,,,,,
6999,//item.jd.com/100026163664.html,none,none,none,none,none,none,none,none,none,none,none
,,,,,,,,,,,,
7288,//item.jd.com/100024403104.html,none,none,none,none,none,none,none,none,none,none,none
,,,,,,,,,,,,
7499,//item.jd.com/100024398906.html,none,none,none,none,none,none,none,none,none,none,none
,,,,,,,,,,,,
6599,//item.jd.com/100015691166.html,none,none,none,none,none,none,none,none,none,none,none
,,,,,,,,,,,,
5999,//item.jd.com/100021802458.html,ThinkPadThinkBook 14,1-1.5kg,15.1-18.0mm,14.0-14.9英寸,none,100%sRGB,Windows 10 带Office,Intel i5,16GB,512GB,MX450
,,,,,,,,,,,,
5099,//item.jd.com/100016777694.html,戴尔Ins 15-3501,none,18.1-20.0mm,15.0-15.9英寸,none,none,Windows 10 带Office,Intel i7,16GB,512GB,none
,,,,,,,,,,,,
4999,//item.jd.com/100014616589.html,ThinkPadThinkBook 15,1.5-2kg,15.1-18.0mm,15.0-15.9英寸,none,100%sRGB,Windows 10 带Office,AMD R5,16GB,512GB,none
,,,,,,,,,,,,
4499,//item.jd.com/100015781264.html,华硕Redolbook14,1-1.5kg,15.1-18.0mm,14.0-14.9英寸,none,45%NTSC,Windows 10 不带Office,AMD R7,16GB,512GB,none
,,,,,,,,,,,,
7799,//item.jd.com/100026269866.html,华硕灵耀Pro14,none,其他,14.0-14.9英寸,none,DCI-P3,Windows 10 带Office,AMD R7,16GB,512GB,RTX3050
,,,,,,,,,,,,
6399,//item.jd.com/100025288126.html,华为MateBook D,1-1.5kg,15.1-18.0mm,14.0-14.9英寸,none,100%sRGB,Windows 10 带Office,Intel i7,16GB,512GB,none
,,,,,,,,,,,,
5999,//item.jd.com/100014195837.html,华硕无畏Pro14,1-1.5kg,15.1-18.0mm,14.0-14.9英寸,none,DCI-P3,Windows 10 带Office,Intel i5,16GB,512GB,none
,,,,,,,,,,,,
6399,//item.jd.com/100011658641.html,宏暗影骑士,none,20.0mm以上,15.0-15.9英寸,none,72%NTSC,其他,Intel i5,16GB,512GB,RTX3050
,,,,,,,,,,,,
7299,//item.jd.com/100024403122.html,华为MateBook 14,1-1.5kg,15.1-18.0mm,14.0-14.9英寸,none,100%sRGB,Windows 10 带Office,Intel i7,16GB,512GB,集成显卡
,,,,,,,,,,,,
6199,//item.jd.com/100021592020.html,微星武士GF系列,none,20.0mm以上,15.0-15.9英寸,none,72%NTSC,Windows 10 不带Office,Intel i5,16GB,512GB,RTX3050
,,,,,,,,,,,,
7999,//item.jd.com/100026163644.html,华为MateBook 13s,1-1.5kg,15.1-18.0mm,13.0-13.9英寸,none,100%sRGB,Windows 10,Intel i7,16GB,512GB,集成显卡
,,,,,,,,,,,,
9999,//item.jd.com/100011742405.html,ROG幻13,1-1.5kg,15.1-18.0mm,13.0-13.9英寸,none,none,Windows 10 不带Office,AMD R9,16GB,none,RTX3050Ti
,,,,,,,,,,,,
4499,//item.jd.com/100018838168.html,戴尔Ins 14-5405-R2602S,none,15.1-18.0mm,14.0-14.9英寸,none,none,Windows 10 带Office,AMD R5,16GB,512GB,none
,,,,,,,,,,,,
4999,//item.jd.com/100017442148.html,ThinkPadE14,1.5-2kg,15.1-18.0mm,14.0-14.9英寸,none,100%sRGB,Windows 10 带Office,Intel i5,8GB,512GB,none
,,,,,,,,,,,,
5299,//item.jd.com/100021942376.html,小米15寸 5,none,15.1-18.0mm,15.0-15.9英寸,none,none,Windows 10 带Office,AMD R5,16GB,none,none
,,,,,,,,,,,,
6599,//item.jd.com/100025794908.html,华硕天选,2-2.5kg,20.0mm以上,15.0-15.9英寸,小于5小时,none,Windows 10 不带Office,AMD R7,16GB,512GB,RTX3050
,,,,,,,,,,,,
7499,//item.jd.com/100023344966.html,戴尔G15 5511,none,20.0mm以上,15.0-15.9英寸,none,none,Windows 10 带Office,Intel i7,16GB,512GB,RTX3050
,,,,,,,,,,,,
6899,//item.jd.com/100022426394.html,华硕天选,2-2.5kg,20.0mm以上,15.0-15.9英寸,none,45%NTSC,Windows 10 不带Office,Intel i5,16GB,512GB,RTX3050Ti
,,,,,,,,,,,,
6999,//item.jd.com/100014017199.html,华为MateBook 13s,1-1.5kg,15.1-18.0mm,13.0-13.9英寸,none,100%sRGB,Windows 10,Intel i5,16GB,512GB,集成显卡
,,,,,,,,,,,,
6499,//item.jd.com/100015419352.html,none,none,none,none,none,none,none,none,none,none,none
,,,,,,,,,,,,
5499,//item.jd.com/10033909772792.html,ThinkPad联想ThinkBook14,1.5-2kg,15.1-18.0mm,14.0-14.9英寸,none,100%sRGB,Windows 10 带Office,Intel i5,16GB,512GB,none
,,,,,,,,,,,,
5099,//item.jd.com/100016777700.html,戴尔Vostro 14-3400,none,18.1-20.0mm,14.0-14.9英寸,none,none,Windows 10 带Office,Intel i7,16GB,512GB,none
,,,,,,,,,,,,
6999,//item.jd.com/100011483889.html,ThinkPadThinkBook 15,1.5-2kg,15.1-18.0mm,15.0-15.9英寸,none,100%sRGB,Windows 10 带Office,Intel i7,16GB,512GB,MX450
,,,,,,,,,,,,
6299,//item.jd.com/100022195792.html,联想YOGA,none,15.1-18.0mm,14.0-14.9英寸,none,72%NTSC,Windows 10 带Office,AMD R7,16GB,512GB,none
,,,,,,,,,,,,
6599,//item.jd.com/100012301257.html,神舟S7T- TA7NP,none,20.0mm以上,15.0-15.9英寸,小于5小时,none,Windows 10 不带Office,Intel i7,16GB,512GB,RTX3050Ti
,,,,,,,,,,,,
6399,//item.jd.com/100022003014.html,神舟Z7-TA7NP,2-2.5kg,20.0mm以上,15.0-15.9英寸,小于5小时,none,Windows 10 不带Office,Intel i7,16GB,512GB,RTX3050
,,,,,,,,,,,,
4699,//item.jd.com/10025743152718.html,none,none,none,none,none,none,none,none,none,none,none
,,,,,,,,,,,,
4899,//item.jd.com/100022974648.html,none,none,none,none,none,none,none,none,none,none,none
,,,,,,,,,,,,
5499,//item.jd.com/100023584910.html,神舟S7-TA5NB,none,20.0mm以上,15.0-15.9英寸,none,none,Windows 10 不带Office,Intel i5,8GB,512GB,RTX3050
,,,,,,,,,,,,
9199,//item.jd.com/100013404039.html,ThinkPadP15v,none,20.0mm以上,15.0-15.9英寸,none,none,Windows 10 带Office,Intel i7,16GB,512GB,none
,,,,,,,,,,,,
5199,//item.jd.com/100019867006.html,联想小新Air,none,15.1-18.0mm,15.0-15.9英寸,none,100%sRGB,Windows 10 带Office,AMD R7,16GB,512GB,none
,,,,,,,,,,,,
8999,//item.jd.com/100014229511.html,none,none,none,none,none,none,none,none,none,none,none
,,,,,,,,,,,,
5299,//item.jd.com/10030429992208.html,惠普（HP）青春版15s,1.5-2kg,15.1-18.0mm,15.0-15.9英寸,none,45%NTSC,Windows 10 带Office,Intel i5,16GB,512GB,none
,,,,,,,,,,,,
6469,//item.jd.com/100021647678.html,雷神911Air星战,2-2.5kg,20.0mm以上,15.0-15.9英寸,5-7小时,none,Windows 10 不带Office,Intel i7,16GB,512GB,RTX3050
,,,,,,,,,,,,
8999,//item.jd.com/100012562033.html,戴尔Ins 15-7510-R1845S,none,15.1-18.0mm,15.0-15.9英寸,none,none,Windows 10 带Office,Intel i7,16GB,512GB,none
,,,,,,,,,,,,
8499,//item.jd.com/100023584840.html,机械革命蛟龙,2-2.5kg,20.0mm以上,17.3英寸,小于5小时,100%sRGB,Windows 10 不带Office,AMD R7,16GB,512GB,RTX3060
,,,,,,,,,,,,
6199,//item.jd.com/100016514926.html,ThinkPadE14,1.5-2kg,15.1-18.0mm,14.0-14.9英寸,none,none,Windows 10 带Office,Intel i7,16GB,512GB,none
,,,,,,,,,,,,
3499,//item.jd.com/100022962610.html,华硕VivoBook 15,1.5-2kg,15.1-18.0mm,15.0-15.9英寸,none,45%NTSC,Windows 10 不带Office,Intel i3,8GB,512GB,none
,,,,,,,,,,,,
8299,//item.jd.com/100026511974.html,华硕灵耀Pro16,1.5-2kg,15.1-18.0mm,16.0-16.9英寸,none,DCI-P3,Windows 10 带Office,AMD R9,16GB,512GB,RTX3050Ti
,,,,,,,,,,,,
5499,//item.jd.com/100021707422.html,神舟Z7-TA5NA,2-2.5kg,20.0mm以上,15.0-15.9英寸,none,none,Windows 10 不带Office,Intel i5,8GB,512GB,RTX3050
,,,,,,,,,,,,
4699,//item.jd.com/100026243826.html,华硕a豆,1-1.5kg,15.1-18.0mm,14.0-14.9英寸,none,100%sRGB,Windows 10 带Office,Intel i5,16GB,512GB,集成显卡
,,,,,,,,,,,,
4799,//item.jd.com/100016777696.html,戴尔Ins 15-3501,none,18.1-20.0mm,15.0-15.9英寸,none,none,Windows 10 带Office,Intel i5,16GB,512GB,MX330
,,,,,,,,,,,,
8499,//item.jd.com/100023979512.html,戴尔Ins 15-7510-R1745S,none,15.1-18.0mm,15.0-15.9英寸,none,none,Windows 10 带Office,Intel i7,16GB,512GB,none
,,,,,,,,,,,,
4999,//item.jd.com/100025195628.html,华硕VivoBook 15X,1.5-2kg,15.1-18.0mm,15.0-15.9英寸,none,100%sRGB,Windows 10 带Office,Intel i5,16GB,512GB,none
,,,,,,,,,,,,
9949,//item.jd.com/100012032157.html,华为MateBook X Pro,1-1.5kg,15.0mm及以下,13.0-13.9英寸,none,100%sRGB,Windows 10 带Office,Intel i7,16GB,512GB,none
,,,,,,,,,,,,
7799,//item.jd.com/100011551115.html,联想拯救者Y7000,none,20.0mm以上,15.0-15.9英寸,none,100%sRGB,Windows 10 带Office,Intel i7,16GB,512GB,RTX3050
,,,,,,,,,,,,
11499,//item.jd.com/100021647674.html,机械革命钛钽,2-2.5kg,20.0mm以上,17.3英寸,小于5小时,100%sRGB,Windows 10 不带Office,Intel i7,16GB,512GB,RTX3070
,,,,,,,,,,,,
4799,//item.jd.com/10036795782396.html,联想（Lenovo）Ideapad 15s,1.5-2kg,none,15.0-15.9英寸,none,none,Windows 10 带Office,Intel i5,8GB,512GB,MX350
,,,,,,,,,,,,
6999,//item.jd.com/100013847351.html,华为MateBook 13,1-1.5kg,15.0mm及以下,13.0-13.9英寸,none,100%sRGB,Windows 10 带Office,Intel i7,16GB,512GB,none
,,,,,,,,,,,,
9969,//item.jd.com/100009641633.html,ThinkPadX1 Nano,小于1kg,15.0mm及以下,13.0-13.9英寸,none,100%sRGB,Windows 10 带Office,Intel i7,16GB,512GB,none
,,,,,,,,,,,,
5899,//item.jd.com/100021764540.html,神舟Z7T-TA5NS,2-2.5kg,20.0mm以上,15.0-15.9英寸,小于5小时,none,Windows 10 不带Office,Intel i5,16GB,512GB,RTX3050Ti
,,,,,,,,,,,,
9499,//item.jd.com/100009464821.html,AppleMacBook Pro 13.3,1-1.5kg,15.1-18.0mm,13.0-13.9英寸,none,DCI-P3,MacOS,Apple M1,8GB,256GB,none
,,,,,,,,,,,,
4699,//item.jd.com/100024680722.html,联想扬天 S15,1.5-2kg,15.1-18.0mm,15.0-15.9英寸,none,100%sRGB,Windows 10 带Office,AMD R5,16GB,512GB,none
,,,,,,,,,,,,
5499,//item.jd.com/100025776788.html,华硕VivoBook 15,1.5-2kg,15.1-18.0mm,15.0-15.9英寸,none,45%NTSC,Windows 10 不带Office,Intel i7,16GB,512GB,none
,,,,,,,,,,,,
6499,//item.jd.com/100023485336.html,宏传奇,none,15.1-18.0mm,14.0-14.9英寸,none,100%sRGB,其他,AMD R7,16GB,512GB,RTX3050
,,,,,,,,,,,,
5499,//item.jd.com/100011483891.html,ThinkPadThinkBook 14,1-1.5kg,15.1-18.0mm,14.0-14.9英寸,none,100%sRGB,Windows 10 带Office,Intel i5,16GB,512GB,none
,,,,,,,,,,,,
5999,//item.jd.com/100019549498.html,联想小新Pro,1-1.5kg,15.0mm及以下,14.0-14.9英寸,none,none,Windows 10 带Office,AMD R7,16GB,512GB,none
,,,,,,,,,,,,
5799,//item.jd.com/100016777692.html,戴尔Ins 15-3501,none,18.1-20.0mm,15.0-15.9英寸,none,none,Windows 10 带Office,Intel i7,16GB,512GB,MX330
,,,,,,,,,,,,
10899,//item.jd.com/100009536763.html,AppleMacBook Pro 13.3,1-1.5kg,15.1-18.0mm,13.0-13.9英寸,none,DCI-P3,MacOS,Apple M1,16GB,256GB,none
,,,,,,,,,,,,
4699,//item.jd.com/100011526087.html,小米14-5,1-1.5kg,15.1-18.0mm,14.0-14.9英寸,none,none,Windows 10 带Office,AMD R5,16GB,none,none
,,,,,,,,,,,,
5199,//item.jd.com/100021150228.html,华硕无畏Pro14 标压锐龙版,1-1.5kg,15.1-18.0mm,14.0-14.9英寸,none,DCI-P3,Windows 10 不带Office,AMD R5,16GB,512GB,none
,,,,,,,,,,,,
4799,//item.jd.com/100014488372.html,神舟战神,2-2.5kg,20.0mm以上,15.0-15.9英寸,小于5小时,none,Windows 10 不带Office,Intel i5,8GB,512GB,GTX1650
,,,,,,,,,,,,
8699,//item.jd.com/100021965308.html,联想拯救者Y7000P,none,20.0mm以上,15.0-15.9英寸,none,100%sRGB,Windows 10 带Office,Intel i7,16GB,512GB,RTX3060
,,,,,,,,,,,,
7546,//item.jd.com/10031056034683.html,联想（Lenovo）小新Pro16,1.5-2kg,15.1-18.0mm,16.0-16.9英寸,none,100%sRGB,Windows 10 带Office,AMD R7,16GB,512GB,RTX3050
,,,,,,,,,,,,
4489,//item.jd.com/10025621720527.html,华硕（ASUS）VivoBook15,1.5-2kg,15.1-18.0mm,15.0-15.9英寸,none,none,Windows 10 不带Office,Intel i5,12GB,256GB,MX330
,,,,,,,,,,,,
13999,//item.jd.com/100024053514.html,ROG魔霸5R Plus,大于2.5kg,20.0mm以上,17.3英寸,小于5小时,DCI-P3,Windows 10 不带Office,AMD R9,16GB,none,RX6800M
,,,,,,,,,,,,
10499,//item.jd.com/100012969215.html,华硕FA506QR（天选2）,2-2.5kg,20.0mm以上,15.0-15.9英寸,小于5小时,DCI-P3,Windows 10 不带Office,AMD R9,16GB,512GB,RTX3070
,,,,,,,,,,,,
6299,//item.jd.com/10026505315633.html,ThinkPadE15 2021,none,18.1-20.0mm,15.0-15.9英寸,none,none,Windows 10 带Office,Intel i5,16GB,512GB,none
,,,,,,,,,,,,
4299,//item.jd.com/100025776784.html,none,none,none,none,none,none,none,none,none,none,none
,,,,,,,,,,,,
5899,//item.jd.com/100020733706.html,戴尔Ins 14-5418-R1628S,none,18.1-20.0mm,14.0-14.9英寸,none,100%sRGB,Windows 10 带Office,Intel i5,16GB,512GB,MX450
,,,,,,,,,,,,
5999,//item.jd.com/100025327966.html,戴尔Ins 15-5518-R2608S,none,18.1-20.0mm,15.0-15.9英寸,none,100%sRGB,Windows 10 带Office,Intel i5,16GB,512GB,none
,,,,,,,,,,,,
6799,//item.jd.com/100026518836.html,none,none,none,none,none,none,none,none,none,none,none
,,,,,,,,,,,,
6799,//item.jd.com/100014456217.html,机械革命Z3 Air,1.5-2kg,20.0mm以上,15.0-15.9英寸,小于5小时,100%sRGB,Windows 10 不带Office,Intel i7,16GB,512GB,RTX3050Ti
,,,,,,,,,,,,
7599,//item.jd.com/100014669615.html,神舟战神Z8-TA7NS,none,20.0mm以上,15.0-15.9英寸,小于5小时,none,Windows 10 不带Office,Intel i7,16GB,512GB,RTX3060
,,,,,,,,,,,,
7499,//item.jd.com/100025327964.html,戴尔Ins 15-5518-R2828S,none,18.1-20.0mm,15.0-15.9英寸,none,100%sRGB,Windows 10 带Office,Intel i7,16GB,512GB,MX450
,,,,,,,,,,,,
9999,//item.jd.com/69822495174.html,ThinkPadThinkPad X1 carbon,none,none,none,none,none,none,Intel i7,none,none,none
,,,,,,,,,,,,
6299,//item.jd.com/100013483269.html,小米RedmiBook Pro 15,none,15.1-18.0mm,15.0-15.9英寸,none,none,Windows 10 带Office,Intel i7,16GB,512GB,MX450
,,,,,,,,,,,,
4999,//item.jd.com/100021725644.html,ThinkPadE14,1.5-2kg,15.1-18.0mm,14.0-14.9英寸,none,none,Windows 10 带Office,AMD R5,16GB,512GB,none
,,,,,,,,,,,,
5899,//item.jd.com/100025908780.html,华为MateBook 14,1-1.5kg,15.1-18.0mm,14.0-14.9英寸,none,100%sRGB,Windows 10 带Office,Intel i5,8GB,512GB,none
,,,,,,,,,,,,
6999,//item.jd.com/100011483895.html,ThinkPadThinkBook 14,1-1.5kg,15.1-18.0mm,14.0-14.9英寸,none,100%sRGB,Windows 10 带Office,Intel i7,16GB,512GB,MX450
,,,,,,,,,,,,
6999,//item.jd.com/100011249641.html,华硕天选,2-2.5kg,20.0mm以上,15.0-15.9英寸,none,none,Windows 10 不带Office,AMD R7,16GB,512GB,RTX3050Ti
,,,,,,,,,,,,
7099,//item.jd.com/100008893791.html,none,none,none,none,none,none,none,none,none,none,none
,,,,,,,,,,,,
5299,//item.jd.com/100025373940.html,小米小米笔记本Pro 14,none,15.1-18.0mm,14.0-14.9英寸,none,none,Windows 10 带Office,Intel i5,16GB,512GB,none
,,,,,,,,,,,,
6599,//item.jd.com/100023819996.html,华硕天选,2-2.5kg,20.0mm以上,15.0-15.9英寸,none,none,Windows 10 不带Office,Intel i5,16GB,512GB,RTX3050
,,,,,,,,,,,,
6866,//item.jd.com/10031075001520.html,none,none,none,none,none,none,none,none,none,none,none
,,,,,,,,,,,,
3699,//item.jd.com/100022082610.html,华硕Redolbook14,1-1.5kg,15.1-18.0mm,14.0-14.9英寸,none,none,Windows 10 不带Office,Intel i3,8GB,512GB,none
,,,,,,,,,,,,
7899,//item.jd.com/100020318814.html,华硕天选,2-2.5kg,20.0mm以上,15.0-15.9英寸,none,none,Windows 10 不带Office,AMD R7,16GB,512GB,RTX3060
,,,,,,,,,,,,
5299,//item.jd.com/100011476857.html,ThinkPadThinkBook 14,1-1.5kg,15.1-18.0mm,14.0-14.9英寸,none,100%sRGB,Windows 10 带Office,AMD R7,16GB,512GB,none
,,,,,,,,,,,,
5499,//item.jd.com/100021647670.html,雷神911Air星战,2-2.5kg,20.0mm以上,15.0-15.9英寸,5-7小时,none,Windows 10 不带Office,Intel i5,8GB,512GB,RTX3050
,,,,,,,,,,,,
5699,//item.jd.com/100021782436.html,ThinkPadThinkBook 14p,1-1.5kg,15.0mm及以下,14.0-14.9英寸,none,100%sRGB,Windows 10 带Office,AMD R5,16GB,512GB,none
,,,,,,,,,,,,
14599,//item.jd.com/10036391105288.html,微星（MSI）GP76,大于2.5kg,20.0mm以上,17.3英寸,小于5小时,DCI-P3,Windows 10 不带Office,Intel i7,16GB,none,RTX3070
,,,,,,,,,,,,
8999,//item.jd.com/100021548462.html,华硕天选2PLUS,none,20.0mm以上,17.3英寸,小于5小时,none,Windows 10 不带Office,Intel i7,16GB,512GB,RTX3060
,,,,,,,,,,,,
7499,//item.jd.com/100020733038.html,ThinkPadX13,none,15.1-18.0mm,13.0-13.9英寸,none,none,Windows 10 带Office,Intel i5,16GB,512GB,none
,,,,,,,,,,,,
4599,//item.jd.com/100023699112.html,荣耀BMH-WFQ9HN,none,15.1-18.0mm,15.0-15.9英寸,none,100%sRGB,Windows 10 带Office,AMD R5,16GB,512GB,none
,,,,,,,,,,,,
5699,//item.jd.com/100025600224.html,戴尔Vostro 13-5310-R2608N,none,其他,13.0-13.9英寸,none,100%sRGB,Windows 10 带Office,Intel i5,16GB,512GB,none
,,,,,,,,,,,,
8299,//item.jd.com/100021976226.html,none,none,none,none,none,none,none,none,none,none,none
,,,,,,,,,,,,
11949,//item.jd.com/100023181398.html,华为MateBook X Pro,1-1.5kg,15.0mm及以下,13.0-13.9英寸,none,100%sRGB,Windows 10 带Office,Intel i7,16GB,none,none
,,,,,,,,,,,,
4999,//item.jd.com/100012779151.html,none,none,none,none,none,none,none,none,none,none,none
,,,,,,,,,,,,
7999,//item.jd.com/100020318812.html,华硕天选2PLUS,none,20.0mm以上,17.3英寸,小于5小时,none,Windows 10 不带Office,AMD R7,16GB,512GB,RTX3060
,,,,,,,,,,,,
13469,//item.jd.com/100023347542.html,外星人ALWA15M-R1762B,none,20.0mm以上,15.0-15.9英寸,none,none,Windows 10 带Office,Intel i7,16GB,512GB,RTX3060
,,,,,,,,,,,,
4199,//item.jd.com/100018838202.html,戴尔Ins 15-5505-R2602S,none,15.1-18.0mm,15.0-15.9英寸,none,none,Windows 10 带Office,none,16GB,512GB,none
,,,,,,,,,,,,
6299,//item.jd.com/10033566280221.html,ThinkPad联想ThinkBook14,1-1.5kg,15.0mm及以下,14.0-14.9英寸,none,100%sRGB,其他,Intel i5,16GB,512GB,none
,,,,,,,,,,,,
4999,//item.jd.com/100013641865.html,华为MateBook D,1.5-2kg,15.1-18.0mm,15.0-15.9英寸,none,100%sRGB,Windows 10 带Office,Intel i5,8GB,512GB,none
,,,,,,,,,,,,
6599,//item.jd.com/100025327968.html,none,none,none,none,none,none,none,none,none,none,none
,,,,,,,,,,,,
8799,//item.jd.com/100008090199.html,ThinkPadP15v,none,20.0mm以上,15.0-15.9英寸,none,none,Windows 10 带Office,Intel i7,16GB,512GB,none
,,,,,,,,,,,,
4499,//item.jd.com/100026173128.html,华硕a豆,1-1.5kg,15.1-18.0mm,14.0-14.9英寸,none,45%NTSC,Windows 10 不带Office,AMD R5,16GB,512GB,集成显卡
,,,,,,,,,,,,
7899,//item.jd.com/100021764564.html,神舟Z8-TA7NP,2-2.5kg,20.0mm以上,15.0-15.9英寸,小于5小时,72%NTSC,Windows 10 不带Office,Intel i7,16GB,512GB,RTX3060
,,,,,,,,,,,,
7699,//item.jd.com/100009464797.html,AppleMacBook Air,1-1.5kg,15.1-18.0mm,13.0-13.9英寸,none,DCI-P3,MacOS,Apple M1,8GB,256GB,none
,,,,,,,,,,,,
4999,//item.jd.com/100011386554.html,none,none,none,none,none,none,none,none,none,none,none
,,,,,,,,,,,,
6999,//item.jd.com/100024503168.html,联想YOGA,1-1.5kg,15.0mm及以下,14.0-14.9英寸,none,none,Windows 10 带Office,AMD R7,16GB,512GB,MX450
,,,,,,,,,,,,
6499,//item.jd.com/100027078680.html,ThinkPadThinkBook 15,1.5-2kg,15.1-18.0mm,15.0-15.9英寸,none,none,Windows 10 带Office,Intel i7,16GB,512GB,none
,,,,,,,,,,,,
4799,//item.jd.com/100008203515.html,小米RedmiBook Air 13,1-1.5kg,15.0mm及以下,13.0-13.9英寸,none,100%sRGB,Windows 10 带Office,Intel i5,16GB,512GB,none
,,,,,,,,,,,,
9499,//item.jd.com/100026267964.html,华硕灵耀Pro16,none,其他,none,none,none,Windows 10 带Office,AMD R9,none,512GB,RTX3050Ti
,,,,,,,,,,,,
5999,//item.jd.com/100021583908.html,宏传奇,none,15.1-18.0mm,14.0-14.9英寸,none,100%sRGB,其他,AMD R7,16GB,512GB,GTX1650
,,,,,,,,,,,,
4899,//item.jd.com/100016777688.html,戴尔Vostro 14-3400,none,18.1-20.0mm,14.0-14.9英寸,none,none,Windows 10 带Office,Intel i5,16GB,512GB,MX330
,,,,,,,,,,,,
6999,//item.jd.com/100025908784.html,none,none,none,none,none,none,none,none,none,none,none
,,,,,,,,,,,,
5899,//item.jd.com/100011431725.html,雷神911Air星战,2-2.5kg,20.0mm以上,15.0-15.9英寸,小于5小时,none,Windows 10 不带Office,Intel i5,16GB,512GB,RTX3050
,,,,,,,,,,,,
6699,//item.jd.com/100023344964.html,戴尔G15 5511,none,20.0mm以上,15.0-15.9英寸,none,none,Windows 10 带Office,Intel i5,16GB,512GB,RTX3050
,,,,,,,,,,,,
9099,//item.jd.com/100009552055.html,AppleMacBook Air,1-1.5kg,15.1-18.0mm,13.0-13.9英寸,none,DCI-P3,MacOS,Apple M1,16GB,256GB,none
,,,,,,,,,,,,
4999,//item.jd.com/100022287892.html,联想联想扬天 S14,1.5-2kg,15.1-18.0mm,14.0-14.9英寸,none,100%sRGB,Windows 10 带Office,Intel i5,16GB,512GB,none
,,,,,,,,,,,,
5499,//item.jd.com/100024305300.html,戴尔Ins 15-3511,none,18.1-20.0mm,15.0-15.9英寸,none,none,Windows 10 带Office,Intel i5,16GB,512GB,MX350
,,,,,,,,,,,,
5999,//item.jd.com/100024305298.html,none,none,none,none,none,none,none,none,none,none,none
,,,,,,,,,,,,
4399,//item.jd.com/100007852387.html,荣耀HalleyLR-WAQ9DHN,1.5-2kg,15.1-18.0mm,16.0-16.9英寸,none,100%sRGB,其他,AMD R5,16GB,512GB,none
,,,,,,,,,,,,
10999,//item.jd.com/100018600612.html,none,none,none,none,none,none,none,none,none,none,none
,,,,,,,,,,,,
7799,//item.jd.com/100022078416.html,ThinkPadThinkBook 13x,1-1.5kg,15.0mm及以下,13.0-13.9英寸,none,none,Windows 10 带Office,Intel i7,16GB,512GB,none
,,,,,,,,,,,,
9199,//item.jd.com/100024272592.html,戴尔XPS 13-9305-R3805S,1-1.5kg,其他,13.0-13.9英寸,none,none,Windows 10 带Office,Intel i7,16GB,512GB,none
,,,,,,,,,,,,
13199,//item.jd.com/100013068434.html,AppleMacBook Pro,none,15.1-18.0mm,13.0-13.9英寸,none,none,MacOS,Intel i5,16GB,none,none
,,,,,,,,,,,,
9499,//item.jd.com/100009464825.html,AppleMacBook Air,1-1.5kg,15.1-18.0mm,13.0-13.9英寸,none,DCI-P3,MacOS,Apple M1,8GB,512GB,none
,,,,,,,,,,,,
7499,//item.jd.com/100020923592.html,惠普16-b0003TX,none,20.0mm以上,16.0-16.9英寸,none,100%sRGB,Windows 10 带Office,Intel i7,16GB,512GB,RTX3050
,,,,,,,,,,,,
5999,//item.jd.com/100014195833.html,华硕无畏Pro14,1-1.5kg,15.1-18.0mm,14.0-14.9英寸,none,DCI-P3,Windows 10 带Office,Intel i5,16GB,512GB,集成显卡
,,,,,,,,,,,,
9499,//item.jd.com/100016616048.html,AppleMacBook Pro 13.3,1-1.5kg,15.1-18.0mm,13.0-13.9英寸,none,DCI-P3,MacOS,Apple M1,8GB,256GB,none
,,,,,,,,,,,,
4199,//item.jd.com/100023914646.html,宏EX215-54-526V,1.5-2kg,15.1-18.0mm,15.0-15.9英寸,none,none,Windows 10 不带Office,Intel i5,16GB,512GB,none
,,,,,,,,,,,,
10999,//item.jd.com/100016616046.html,none,none,none,none,none,none,none,none,none,none,none
,,,,,,,,,,,,
9949,//item.jd.com/100023181394.html,华为MateBook X Pro,1-1.5kg,15.0mm及以下,13.0-13.9英寸,none,100%sRGB,Windows 10 带Office,Intel i7,16GB,512GB,none
,,,,,,,,,,,,
5299,//item.jd.com/100021927652.html,小米14 -7,none,15.1-18.0mm,14.0-14.9英寸,none,none,Windows 10 带Office,AMD R7,16GB,none,none
,,,,,,,,,,,,
12999,//item.jd.com/100021965324.html,none,none,none,none,none,none,none,none,none,none,none
,,,,,,,,,,,,
2999,//item.jd.com/100022082612.html,京东京造JDBook,none,15.1-18.0mm,14.0-14.9英寸,none,none,Windows 10 不带Office,Intel i3,8GB,256GB,none
,,,,,,,,,,,,
9599,//item.jd.com/100011477309.html,ThinkPadThinkBook 16p,1.5-2kg,15.1-18.0mm,16.0-16.9英寸,none,100%sRGB,Windows 10 带Office,AMD R7,16GB,512GB,none
,,,,,,,,,,,,
8999,//item.jd.com/100025794896.html,戴尔G15 5511-R1860B,none,20.0mm以上,15.0-15.9英寸,none,none,Windows 10 带Office,Intel i7,16GB,512GB,RTX3060
,,,,,,,,,,,,
8099,//item.jd.com/100021764536.html,神舟G8-TA7NP,2-2.5kg,20.0mm以上,17.3英寸,小于5小时,72%NTSC,Windows 10 不带Office,Intel i7,16GB,512GB,RTX3060
,,,,,,,,,,,,
8999,//item.jd.com/100009552065.html,AppleMacBook Air,1-1.5kg,15.1-18.0mm,13.0-13.9英寸,none,DCI-P3,MacOS,Apple M1,16GB,256GB,none
,,,,,,,,,,,,
9999,//item.jd.com/100012544815.html,戴尔G15 5511,none,20.0mm以上,15.0-15.9英寸,none,none,Windows 10 带Office,Intel i7,16GB,512GB,RTX3060
,,,,,,,,,,,,
11999,//item.jd.com/100026116470.html,none,none,none,none,none,none,none,none,none,none,none
,,,,,,,,,,,,
6399,//item.jd.com/10030444969071.html,none,none,none,none,none,none,none,none,none,none,none
,,,,,,,,,,,,
9869,//item.jd.com/100012032127.html,none,none,none,none,none,none,none,none,none,none,none
,,,,,,,,,,,,
9199,//item.jd.com/100011579191.html,联想拯救者R9000X,1.5-2kg,15.1-18.0mm,15.0-15.9英寸,none,100%sRGB,Windows 10 带Office,AMD R7,16GB,512GB,RTX3060
,,,,,,,,,,,,
3998,//item.jd.com/100013847353.html,机械革命S14,1-1.5kg,15.1-18.0mm,14.0-14.9英寸,none,100%sRGB,Windows 10 不带Office,Intel i5,16GB,512GB,none
,,,,,,,,,,,,
4499,//item.jd.com/100016551542.html,戴尔Vostro 14-3405,none,18.1-20.0mm,14.0-14.9英寸,none,none,Windows 10 带Office,AMD R5,8GB,512GB,none
,,,,,,,,,,,,
5999,//item.jd.com/100020137548.html,ThinkPadS2,1-1.5kg,15.1-18.0mm,13.0-13.9英寸,none,100%sRGB,Windows 10 带Office,Intel i5,16GB,512GB,none
,,,,,,,,,,,,
7599,//item.jd.com/10031792658506.html,惠普（HP）光影精灵Victus,2-2.5kg,20.0mm以上,16.0-16.9英寸,小于5小时,100%sRGB,Windows 10 带Office,Intel i5,16GB,512GB,RTX3050
,,,,,,,,,,,,
7299,//item.jd.com/100026699676.html,荣耀HYM-W76,1.5-2kg,18.1-20.0mm,16.0-16.9英寸,none,100%sRGB,Windows 10 带Office,AMD R7,16GB,512GB,RTX3050
,,,,,,,,,,,,
5799,//item.jd.com/100011530887.html,小米红米15寸 7,1.5-2kg,15.1-18.0mm,15.0-15.9英寸,none,none,Windows 10 带Office,AMD R7,16GB,none,none
,,,,,,,,,,,,
7499,//item.jd.com/100021318606.html,惠普战99,2-2.5kg,20.0mm以上,15.0-15.9英寸,none,none,Windows 10 带Office,AMD R7,16GB,512GB,none
,,,,,,,,,,,,
6999,//item.jd.com/100021100372.html,华硕天选,2-2.5kg,20.0mm以上,15.0-15.9英寸,none,none,Windows 10 不带Office,AMD R7,16GB,512GB,RTX3050Ti
,,,,,,,,,,,,
9499,//item.jd.com/100009464823.html,AppleMacBook Air,1-1.5kg,15.1-18.0mm,13.0-13.9英寸,none,DCI-P3,MacOS,Apple M1,8GB,512GB,none
,,,,,,,,,,,,
3989,//item.jd.com/100010728845.html,宏EX214-52-59W3,1-1.5kg,15.1-18.0mm,14.0-14.9英寸,none,none,Windows 10 不带Office,Intel i5,16GB,512GB,none
,,,,,,,,,,,,
5589,//item.jd.com/10031480529515.html,华硕（ASUS）V5200EP,1.5-2kg,15.1-18.0mm,15.0-15.9英寸,none,none,Windows 10 不带Office,Intel i7,12GB,256GB,MX330
,,,,,,,,,,,,
8999,//item.jd.com/100020732998.html,ThinkPadX1 Nano,小于1kg,15.0mm及以下,13.0-13.9英寸,none,100%sRGB,Windows 10 带Office,Intel i5,16GB,512GB,none
,,,,,,,,,,,,
10499,//item.jd.com/100022426372.html,华硕天选2PLUS,none,20.0mm以上,17.3英寸,小于5小时,none,Windows 10 不带Office,Intel i9,16GB,512GB,RTX3060
,,,,,,,,,,,,
12999,//item.jd.com/100012352015.html,惠普战99,1.5-2kg,20.0mm以上,15.0-15.9英寸,none,none,Windows 10 不带Office,Intel i7,32GB,none,none
,,,,,,,,,,,,
10899,//item.jd.com/100016724446.html,AppleMacBook Pro 13.3,1-1.5kg,15.1-18.0mm,13.0-13.9英寸,none,DCI-P3,MacOS,Apple M1,16GB,256GB,none
,,,,,,,,,,,,
4699,//item.jd.com/100022243346.html,真我新品,1-1.5kg,15.0mm及以下,14.0-14.9英寸,none,none,Windows 10 带Office,Intel i5,16GB,512GB,none
,,,,,,,,,,,,
7999,//item.jd.com/100021548434.html,机械师T58-V,none,20.0mm以上,15.0-15.9英寸,小于5小时,none,其他,Intel i7,16GB,512GB,RTX3060
,,,,,,,,,,,,
17499,//item.jd.com/100011157085.html,ThinkPadX1 Carbon,none,15.0mm及以下,14.0-14.9英寸,none,none,Windows 10专业版,Intel i7,16GB,none,none
,,,,,,,,,,,,
5199,//item.jd.com/10027856973667.html,ThinkPadE15 2021,none,none,15.0-15.9英寸,none,none,Windows 10 带Office,Intel i5,8GB,none,none
,,,,,,,,,,,,
9999,//item.jd.com/100022426396.html,华硕天选,2-2.5kg,20.0mm以上,15.0-15.9英寸,none,100%sRGB,Windows 10 不带Office,Intel i9,16GB,512GB,RTX3060
,,,,,,,,,,,,
6799,//item.jd.com/100011431723.html,none,none,none,none,none,none,none,none,none,none,none
,,,,,,,,,,,,
1999,//item.jd.com/100016948626.html,攀升G154GPJ41,1.5-2kg,15.1-18.0mm,15.0-15.9英寸,none,none,Windows 10 不带Office,其他,8GB,256GB,intel 集成显卡
,,,,,,,,,,,,
6999,//item.jd.com/100013460045.html,戴尔Ins 15-5518-R2808S,none,18.1-20.0mm,15.0-15.9英寸,none,100%sRGB,Windows 10 带Office,Intel i7,16GB,512GB,none
,,,,,,,,,,,,
4499,//item.jd.com/100010198657.html,华硕Redolbook14,1-1.5kg,15.1-18.0mm,14.0-14.9英寸,none,none,其他,Intel i5,16GB,512GB,none
,,,,,,,,,,,,
5489,//item.jd.com/10032515906251.html,华硕（ASUS）U4700E,1-1.5kg,15.0mm及以下,14.0-14.9英寸,none,100%sRGB,Windows 10 带Office,Intel i5,16GB,512GB,none
,,,,,,,,,,,,
4999,//item.jd.com/100011483893.html,none,none,none,none,none,none,none,none,none,none,none
,,,,,,,,,,,,
6299,//item.jd.com/100019572430.html,联想YOGA,1-1.5kg,15.0mm及以下,14.0-14.9英寸,none,none,Windows 10 带Office,AMD R7,16GB,512GB,none
,,,,,,,,,,,,
4299,//item.jd.com/100025776786.html,联想威6-14 ITL,1-1.5kg,15.1-18.0mm,14.0-14.9英寸,none,none,Windows 10 带Office,Intel i3,8GB,512GB,MX450
,,,,,,,,,,,,
4999,//item.jd.com/10025018584451.html,ThinkPadThinkBook 14,1-1.5kg,15.1-18.0mm,14.0-14.9英寸,none,100%sRGB,Windows 10 带Office,AMD R5,16GB,512GB,none
,,,,,,,,,,,,
11499,//item.jd.com/100012142851.html,none,none,none,none,none,none,none,none,none,none,none
,,,,,,,,,,,,
5099,//item.jd.com/100017690766.html,none,none,none,none,none,none,none,none,none,none,none
,,,,,,,,,,,,
4199,//item.jd.com/100023048578.html,戴尔Latitude,1.5-2kg,15.1-18.0mm,15.0-15.9英寸,none,none,Windows 10 不带Office,Intel i5,8GB,512GB,MX230
,,,,,,,,,,,,
23969,//item.jd.com/100022573988.html,外星人ALWX17-R1776W,none,20.0mm以上,15.0-15.9英寸,none,none,Windows 10 带Office,Intel i7,32GB,none,RTX3070
,,,,,,,,,,,,
8999,//item.jd.com/100015921260.html,none,none,none,none,none,none,none,none,none,none,none
,,,,,,,,,,,,
5099,//item.jd.com/100018083778.html,none,none,none,none,none,none,none,none,none,none,none
,,,,,,,,,,,,
8299,//item.jd.com/100026462784.html,华硕灵耀Pro14,1-1.5kg,其他,14.0-14.9英寸,none,DCI-P3,Windows 10 带Office,AMD R9,16GB,512GB,RTX3050
,,,,,,,,,,,,
4499,//item.jd.com/10021123967555.html,联想（Lenovo）联想威6 2021酷睿版,1.5-2kg,15.1-18.0mm,15.0-15.9英寸,none,none,Windows 10 带Office,Intel i3,8GB,512GB,集成显卡
,,,,,,,,,,,,
8999,//item.jd.com/100025028034.html,none,none,none,none,none,none,none,none,none,none,none
,,,,,,,,,,,,
6299,//item.jd.com/100021965484.html,小米5,1.5-2kg,15.1-18.0mm,15.0-15.9英寸,none,none,Windows 10 带Office,AMD R5,16GB,none,none
,,,,,,,,,,,,
7999,//item.jd.com/10023791299233.html,ThinkPadThinkBook 15p,1.5-2kg,18.1-20.0mm,15.0-15.9英寸,none,100%sRGB,Windows 10 带Office,Intel i7,16GB,512GB,1650 MQ
,,,,,,,,,,,,
5999,//item.jd.com/100015637194.html,华硕灵耀14s,1-1.5kg,15.0mm及以下,14.0-14.9英寸,none,100%sRGB,Windows 10 带Office,Intel i5,16GB,512GB,none
,,,,,,,,,,,,
5599,//item.jd.com/100018083802.html,惠普惠普战66 四代高性能轻薄商务本 锐龙版15寸,none,18.1-20.0mm,15.0-15.9英寸,none,100%sRGB,Windows 10 带Office,AMD R7,16GB,none,none
,,,,,,,,,,,,
7266,//item.jd.com/10031074340414.html,联想（Lenovo）Lenovo Legion Y7000P2021,2-2.5kg,20.0mm以上,15.0-15.9英寸,none,100%sRGB,Windows 10 带Office,Intel i5,16GB,512GB,RTX3050Ti
,,,,,,,,,,,,
16999,//item.jd.com/100012142847.html,外星人ALWA15M-R1765B,none,20.0mm以上,15.0-15.9英寸,none,none,Windows 10 带Office,Intel i7,32GB,none,RTX3060
,,,,,,,,,,,,
6299,//item.jd.com/100021647704.html,雷神911Air星战,2-2.5kg,20.0mm以上,15.0-15.9英寸,5-7小时,none,Windows 10 不带Office,Intel i7,8GB,512GB,RTX3050
,,,,,,,,,,,,
7499,//item.jd.com/100013477937.html,戴尔Ins 15-7510-R1645S,none,15.1-18.0mm,15.0-15.9英寸,none,none,Windows 10 带Office,Intel i5,16GB,512GB,RTX3050
,,,,,,,,,,,,
8599,//item.jd.com/10032963505341.html,微星（MSI）武士系列,none,20.0mm以上,17.3英寸,none,none,Windows 10 不带Office,Intel i7,16GB,512GB,RTX3060
,,,,,,,,,,,,
4899,//item.jd.com/10032934620222.html,ThinkPadThinkBook 14,1-1.5kg,15.1-18.0mm,14.0-14.9英寸,none,100%sRGB,Windows 10 带Office,AMD R7,16GB,512GB,none
,,,,,,,,,,,,
4999,//item.jd.com/100025382142.html,机械革命F6,1.5-2kg,15.1-18.0mm,16.0-16.9英寸,none,100%sRGB,Windows 10 不带Office,Intel i5,16GB,512GB,none
,,,,,,,,,,,,
7199,//item.jd.com/100021318642.html,惠普战99,2-2.5kg,20.0mm以上,15.0-15.9英寸,none,none,Windows 10 带Office,AMD R7,16GB,none,NVIDIA专业卡
,,,,,,,,,,,,
9099,//item.jd.com/100021965284.html,联想拯救者R9000P,none,20.0mm以上,16.0-16.9英寸,none,100%sRGB,Windows 10 带Office,AMD R7,16GB,512GB,RTX3060
,,,,,,,,,,,,
6499,//item.jd.com/100024305342.html,戴尔Ins 15-3511,none,18.1-20.0mm,15.0-15.9英寸,none,none,Windows 10 带Office,Intel i7,16GB,512GB,MX350
,,,,,,,,,,,,
10999,//item.jd.com/100026792400.html,机械革命Umi Pro,1.5-2kg,18.1-20.0mm,15.0-15.9英寸,小于5小时,100%sRGB,Windows 10 不带Office,AMD R9,32GB,none,RTX3070
,,,,,,,,,,,,
5099,//item.jd.com/10035346944877.html,宏（acer）非凡S3X,none,15.1-18.0mm,14.0-14.9英寸,none,72%NTSC,Windows 10 不带Office,Intel i5,16GB,512GB,none
,,,,,,,,,,,,
6999,//item.jd.com/100022078428.html,ThinkPadThinkBook 13x,1-1.5kg,15.0mm及以下,13.0-13.9英寸,none,none,Windows 10 带Office,Intel i5,16GB,512GB,none
,,,,,,,,,,,,
8699,//item.jd.com/100012544831.html,雷神911,2-2.5kg,20.0mm以上,16.0-16.9英寸,5-7小时,100%sRGB,Windows 10 不带Office,AMD R7,16GB,512GB,RTX3060
,,,,,,,,,,,,
7866,//item.jd.com/10031075001519.html,联想（Lenovo）Lenovo Legion Y70002021,2-2.5kg,20.0mm以上,15.0-15.9英寸,none,100%sRGB,Windows 10 带Office,Intel i7,16GB,512GB,RTX3050
,,,,,,,,,,,,
9949,//item.jd.com/100023181400.html,华为MateBook X Pro,1-1.5kg,15.0mm及以下,13.0-13.9英寸,none,100%sRGB,Windows 10 带Office,Intel i7,16GB,512GB,none
,,,,,,,,,,,,
8699,//item.jd.com/100021647702.html,雷神新911,2-2.5kg,20.0mm以上,17.3英寸,小于5小时,none,Windows 10 不带Office,Intel i7,16GB,512GB,RTX3060
,,,,,,,,,,,,
6859,//item.jd.com/100019979490.html,小米小米pro14,1.5-2kg,15.1-18.0mm,14.0-14.9英寸,none,100%sRGB,Windows 10 带Office,Intel i7,16GB,512GB,MX450
,,,,,,,,,,,,
13099,//item.jd.com/100007136959.html,AppleMacBook Pro,none,15.1-18.0mm,13.0-13.9英寸,none,none,MacOS,Intel i5,16GB,none,none
,,,,,,,,,,,,
15999,//item.jd.com/100011796853.html,雷蛇雷蛇灵刃锐龙版,1.5-2kg,15.1-18.0mm,14.0-14.9英寸,none,DCI-P3,Windows 10 不带Office,AMD R9,16GB,none,RTX3070
,,,,,,,,,,,,
9299,//item.jd.com/100012292831.html,惠普战99,1.5-2kg,20.0mm以上,15.0-15.9英寸,none,none,Windows 10 不带Office,Intel i7,16GB,none,none
,,,,,,,,,,,,
6599,//item.jd.com/100015758978.html,惠普ProBook 450 G8,1.5-2kg,18.1-20.0mm,15.0-15.9英寸,none,100%sRGB,Windows 10 带Office,Intel i7,16GB,none,none
,,,,,,,,,,,,
10499,//item.jd.com/100020733040.html,ThinkPadX13,none,15.1-18.0mm,13.0-13.9英寸,none,none,Windows 10 带Office,Intel i7,16GB,none,none
,,,,,,,,,,,,
5899,//item.jd.com/100012844403.html,华为MateBook 14,1-1.5kg,15.1-18.0mm,14.0-14.9英寸,none,100%sRGB,Windows 10 带Office,Intel i5,8GB,512GB,none
,,,,,,,,,,,,
8799,//item.jd.com/100012292817.html,惠普战99,1.5-2kg,20.0mm以上,15.0-15.9英寸,none,none,Windows 10 不带Office,Intel i7,16GB,512GB,none
,,,,,,,,,,,,
10999,//item.jd.com/100007278665.html,ThinkPadT,1-1.5kg,15.1-18.0mm,14.0-14.9英寸,none,none,Windows 10 带Office,Intel i7,16GB,none,MX330
,,,,,,,,,,,,
4199,//item.jd.com/100020483262.html,戴尔Ins 14MF Pro-R7305TS,none,15.1-18.0mm,14.0-14.9英寸,none,none,Windows 10 带Office,Intel i3,8GB,256GB,none
,,,,,,,,,,,,
4999,//item.jd.com/100021731804.html,ThinkPadE15,none,18.1-20.0mm,15.0-15.9英寸,none,none,Windows 10 带Office,AMD R5,16GB,512GB,none
,,,,,,,,,,,,
10999,//item.jd.com/100016616028.html,AppleMacBook Pro 13.3,1-1.5kg,15.1-18.0mm,13.0-13.9英寸,none,DCI-P3,MacOS,Apple M1,8GB,512GB,none
,,,,,,,,,,,,
10899,//item.jd.com/10028197776345.html,联想（Lenovo）拯救者R9000K,2-2.5kg,20.0mm以上,16.0-16.9英寸,none,none,Windows 10 带Office,AMD R7,16GB,none,RTX3060
,,,,,,,,,,,,
9499,//item.jd.com/100012701655.html,ROG幻13,1-1.5kg,15.1-18.0mm,13.0-13.9英寸,none,none,Windows 10 不带Office,AMD R9,16GB,512GB,RTX3050
,,,,,,,,,,,,
15999,//item.jd.com/100023662340.html,惠普战99,1.5-2kg,20.0mm以上,15.0-15.9英寸,none,none,Windows 10 不带Office,Intel i9,32GB,none,none
,,,,,,,,,,,,
5199,//item.jd.com/10021123967556.html,联想（Lenovo）联想威6 2021酷睿版,1.5-2kg,15.1-18.0mm,15.0-15.9英寸,none,none,Windows 10 带Office,Intel i3,16GB,512GB,集成显卡
,,,,,,,,,,,,
9499,//item.jd.com/100013333248.html,ThinkPadT,1-1.5kg,15.1-18.0mm,14.0-14.9英寸,none,none,Windows 10 带Office,Intel i7,16GB,512GB,MX330
,,,,,,,,,,,,
5299,//item.jd.com/10029911227245.html,华硕（ASUS）adolbook13 2021,1-1.5kg,15.0mm及以下,13.0-13.9英寸,none,100%sRGB,Windows 10 带Office,Intel i5,16GB,512GB,none
,,,,,,,,,,,,
4799,//item.jd.com/100013479214.html,ThinkPadE15,none,18.1-20.0mm,15.0-15.9英寸,none,none,Windows 10 带Office,AMD R7,16GB,512GB,none
,,,,,,,,,,,,
6699,//item.jd.com/100021567676.html,机械师T58-V,none,20.0mm以上,15.0-15.9英寸,小于5小时,none,其他,Intel i7,16GB,512GB,RTX3050
,,,,,,,,,,,,
6599,//item.jd.com/100011431719.html,雷神911Air星战,2-2.5kg,20.0mm以上,15.0-15.9英寸,5-7小时,none,Windows 10 不带Office,Intel i7,8GB,512GB,RTX3050Ti
,,,,,,,,,,,,
10099,//item.jd.com/100017970852.html,华硕灵耀X,1.5-2kg,15.1-18.0mm,14.0-14.9英寸,none,none,Windows 10 带Office,Intel i7,16GB,512GB,MX450
,,,,,,,,,,,,
2799,//item.jd.com/100024169908.html,宏EX215-32-C7SA,1.5-2kg,15.1-18.0mm,15.0-15.9英寸,none,none,Windows 10 不带Office,none,8GB,256GB,none
,,,,,,,,,,,,
3199,//item.jd.com/100019498800.html,京东京造JDBook,none,15.1-18.0mm,14.0-14.9英寸,none,none,Windows 10 不带Office,Intel i3,8GB,512GB,none
,,,,,,,,,,,,
4999,//item.jd.com/100017751544.html,机械革命F1,1-1.5kg,15.0mm及以下,14.0-14.9英寸,none,none,Windows 10 不带Office,Intel i5,16GB,512GB,none
,,,,,,,,,,,,
8199,//item.jd.com/100012301237.html,机械革命蛟龙,2-2.5kg,20.0mm以上,15.0-15.9英寸,小于5小时,100%sRGB,Windows 10 不带Office,AMD R7,16GB,512GB,RTX3060
